"";"Código.Municipio";"Nombre.Municipio";"Puntaje"
"1";5001;"MEDELLÍN";45,2750733126915
"2";5002;"ABEJORRAL";44,5749572649573
"3";5004;"ABRIAQUÍ";40,4509814323607
"4";5021;"ALEJANDRÍA";42,0226373626374
"5";5030;"AMAGÁ";42,5472288873206
"6";5031;"AMALFI";42,3983313143549
"7";5034;"ANDES";44,5824571338682
"8";5036;"ANGELÓPOLIS";41,2025641025641
"9";5038;"ANGOSTURA";40,4989281210593
"10";5040;"ANORÍ";40,0426153846154
"11";5042;"SANTA FÉ DE ANTIOQUIA";41,8225845308538
"12";5044;"ANZÁ";42,8671794871795
"13";5045;"APARTADÓ";42,9530409823791
"14";5051;"ARBOLETES";41,5951678708032
"15";5055;"ARGELIA";40,5656648777579
"16";5059;"ARMENIA";42,9521153846154
"17";5079;"BARBOSA";43,4284787922358
"18";5086;"BELMIRA";43,7273931623932
"19";5088;"BELLO";44,458030261384
"20";5091;"BETANIA";42,4384615384615
"21";5093;"BETULIA";41,6425655350236
"22";5101;"CIUDAD BOLÍVAR";44,2111959134615
"23";5107;"BRICEÑO";42,9838461538462
"24";5113;"BURITICÁ";44,2844543828265
"25";5120;"CÁCERES";41,5443695479778
"26";5125;"CAICEDO";40,0196966413868
"27";5129;"CALDAS";44,3601874669952
"28";5134;"CAMPAMENTO";43,2192307692308
"29";5138;"CAÑASGORDAS";42,0210442046641
"30";5142;"CARACOLÍ";41,9382051282051
"31";5145;"CARAMANTA";42,3690180032733
"32";5147;"CAREPA";44,3448005698006
"33";5148;"EL CARMEN DE VIBORAL";44,8833596318212
"34";5150;"CAROLINA";43,0400591715976
"35";5154;"CAUCASIA";43,4632663711753
"36";5172;"CHIGORODÓ";41,9060339892665
"37";5190;"CISNEROS";41,4899825174825
"38";5197;"COCORNÁ";43,1414988104679
"39";5206;"CONCEPCIÓN";41,3890180032733
"40";5209;"CONCORDIA";42,4062783882784
"41";5212;"COPACABANA";46,34748302006
"42";5234;"DABEIBA";42,094571288584
"43";5237;"DONMATÍAS";44,4534110685694
"44";5240;"EBÉJICO";43,0536550710436
"45";5250;"EL BAGRE";41,6511643283341
"46";5264;"ENTRERRÍOS";46,4320401337793
"47";5266;"ENVIGADO";49,2952269469661
"48";5282;"FREDONIA";42,6190449804433
"49";5284;"FRONTINO";42,646799620133
"50";5306;"GIRALDO";42,8382211538462
"51";5308;"GIRARDOTA";44,7795242120517
"52";5310;"GÓMEZ PLATA";44,551396011396
"53";5313;"GRANADA";45,0211794871795
"54";5315;"GUADALUPE";42,6725854700855
"55";5318;"GUARNE";44,8701964344668
"56";5321;"GUATAPÉ";43,9579654403567
"57";5347;"HELICONIA";41,7001428571429
"58";5353;"HISPANIA";46,3123076923077
"59";5360;"ITAGÜÍ";45,4265145426713
"60";5361;"ITUANGO";40,8777250409165
"61";5364;"JARDÍN";46,1480925155925
"62";5368;"JERICÓ";45,6198572086596
"63";5376;"LA CEJA";47,5560025015635
"64";5380;"LA ESTRELLA";47,3853085150144
"65";5390;"LA PINTADA";41,1315592515592
"66";5400;"LA UNIÓN";43,7228933002481
"67";5411;"LIBORINA";41,9994770959378
"68";5425;"MACEO";43,4770085470086
"69";5440;"MARINILLA";45,9950626859328
"70";5467;"MONTEBELLO";40,7107488087134
"71";5475;"MURINDÓ";40,2023076923077
"72";5480;"MUTATÁ";41,4471960297767
"73";5483;"NARIÑO";40,9850607287449
"74";5490;"NECOCLÍ";40,3921639898563
"75";5495;"NECHÍ";40,0906826286297
"76";5501;"OLAYA";41,0829230769231
"77";5541;"PEÑOL";42,8326914027149
"78";5543;"PEQUE";42,3105948717949
"79";5576;"PUEBLORRICO";42,9801434159061
"80";5579;"PUERTO BERRÍO";40,9747799331104
"81";5585;"PUERTO NARE";41,3388854895105
"82";5591;"PUERTO TRIUNFO";43,6910079575597
"83";5604;"REMEDIOS";41,3916176005065
"84";5607;"RETIRO";50,7572110130307
"85";5615;"RIONEGRO";45,308448341726
"86";5628;"SABANALARGA";40,9871177015755
"87";5631;"SABANETA";49,0696611362494
"88";5642;"SALGAR";41,3222573687994
"89";5647;"SAN ANDRÉS DE CUERQUÍA";41,5091406791407
"90";5649;"SAN CARLOS";41,7864539496378
"91";5652;"SAN FRANCISCO";43,8860180995475
"92";5656;"SAN JERÓNIMO";40,6590631547441
"93";5658;"SAN JOSÉ DE LA MONTAÑA";43,6723076923077
"94";5659;"SAN JUAN DE URABÁ";40,6786405178979
"95";5660;"SAN LUIS";41,8765693130399
"96";5664;"SAN PEDRO DE LOS MILAGROS";43,2173041144902
"97";5665;"SAN PEDRO DE URABÁ";41,027973882881
"98";5667;"SAN RAFAEL";41,469017948718
"99";5670;"SAN ROQUE";41,8608773654461
"100";5674;"SAN VICENTE FERRER";43,9837604331153
"101";5679;"SANTA BÁRBARA";43,1280747981301
"102";5686;"SANTA ROSA DE OSOS";43,5375789632764
"103";5690;"SANTO DOMINGO";42,2833081126524
"104";5697;"EL SANTUARIO";43,671255617235
"105";5736;"SEGOVIA";39,5961561701139
"106";5756;"SONSÓN";42,0255757286192
"107";5761;"SOPETRÁN";42,1693274485078
"108";5789;"TÁMESIS";44,5981107354184
"109";5790;"TARAZÁ";41,6198884140551
"110";5792;"TARSO";42,0159171597633
"111";5809;"TITIRIBÍ";43,7596199095023
"112";5819;"TOLEDO";40,7436420722135
"113";5837;"TURBO";40,9174453686005
"114";5842;"URAMITA";41,7284615384615
"115";5847;"URRAO";42,2978032912361
"116";5854;"VALDIVIA";41,5555384615385
"117";5856;"VALPARAÍSO";41,7495923076923
"118";5858;"VEGACHÍ";41,1899859287054
"119";5861;"VENECIA";42,2478355437666
"120";5873;"VIGÍA DEL FUERTE";38,4408676207513
"121";5885;"YALÍ";42,9392307692308
"122";5887;"YARUMAL";43,6231951511523
"123";5890;"YOLOMBÓ";41,6883506583507
"124";5893;"YONDÓ";41,3990102205487
"125";5895;"ZARAGOZA";40,0190334572491
"126";8001;"BARRANQUILLA";45,4900471942862
"127";8078;"BARANOA";42,9503212594394
"128";8137;"CAMPO DE LA CRUZ";39,1259174484053
"129";8141;"CANDELARIA";39,5487912087912
"130";8296;"GALAPA";43,9530338461538
"131";8372;"JUAN DE ACOSTA";41,6350607287449
"132";8421;"LURUACO";39,4875861175861
"133";8433;"MALAMBO";42,6140419183466
"134";8436;"MANATÍ";37,8520858676208
"135";8520;"PALMAR DE VARELA";44,5877724810401
"136";8549;"PIOJÓ";40,4350572831424
"137";8558;"POLONUEVO";41,7968065268065
"138";8560;"PONEDERA";40,1197626841244
"139";8573;"PUERTO COLOMBIA";46,129507346586
"140";8606;"REPELÓN";39,7707128768667
"141";8634;"SABANAGRANDE";43,7514411602717
"142";8638;"SABANALARGA";41,7675795696707
"143";8675;"SANTA LUCÍA";38,7558146577832
"144";8685;"SANTO TOMÁS";43,3132655325444
"145";8758;"SOLEDAD";44,0129323969824
"146";8770;"SUAN";41,3235951991271
"147";8832;"TUBARÁ";41,6331523378582
"148";8849;"USIACURÍ";40,1107692307692
"149";11001;"BOGOTÁ, D.C.";NA
"150";13001;"CARTAGENA DE INDIAS";44,0685774152922
"151";13006;"ACHÍ";40,3929818181818
"152";13030;"ALTOS DEL ROSARIO";40,9135627530364
"153";13042;"ARENAL";40,0566615384615
"154";13052;"ARJONA";41,5898883928571
"155";13062;"ARROYOHONDO";39,1789458689459
"156";13074;"BARRANCO DE LOBA";39,9084665012407
"157";13140;"CALAMAR";38,8240474221119
"158";13160;"CANTAGALLO";40,9925641025641
"159";13188;"CICUCO";41,5662789243277
"160";13212;"CÓRDOBA";41,6238511166253
"161";13222;"CLEMENCIA";39,6774024526198
"162";13244;"EL CARMEN DE BOLÍVAR";41,0605914739657
"163";13248;"EL GUAMO";40,0692230769231
"164";13268;"EL PEÑÓN";41,617967032967
"165";13300;"HATILLO DE LOBA";39,7463988603989
"166";13430;"MAGANGUÉ";43,4195054945055
"167";13433;"MAHATES";39,3051554487179
"168";13440;"MARGARITA";40,1917373103087
"169";13442;"MARÍA LA BAJA";41,5182623236877
"170";13458;"MONTECRISTO";41,1246153846154
"171";13468;"MOMPÓS";41,8995622545623
"172";13473;"MORALES";41,4093487993488
"173";13549;"PINILLOS";39,6157564575646
"174";13580;"REGIDOR";37,9052917771883
"175";13600;"RÍO VIEJO";40,1245467032967
"176";13620;"SAN CRISTÓBAL";41,828785046729
"177";13647;"SAN ESTANISLAO";39,5725154939847
"178";13650;"SAN FERNANDO";39,6918114143921
"179";13654;"SAN JACINTO";42,8861149524633
"180";13655;"SAN JACINTO DEL CAUCA";40,8095248868778
"181";13657;"SAN JUAN NEPOMUCENO";41,9932463369963
"182";13667;"SAN MARTÍN DE LOBA";41,6229138603332
"183";13670;"SAN PABLO";41,6952516888211
"184";13673;"SANTA CATALINA";41,9603649635037
"185";13683;"SANTA ROSA";38,9680990274094
"186";13688;"SANTA ROSA DEL SUR";45,0464983664984
"187";13744;"SIMITÍ";42,7824382284382
"188";13760;"SOPLAVIENTO";39,8504249084249
"189";13780;"TALAIGUA NUEVO";40,6784134615385
"190";13810;"TIQUISIO";39,9658628935831
"191";13836;"TURBACO";44,599390033659
"192";13838;"TURBANÁ";41,488745819398
"193";13873;"VILLANUEVA";40,5822292755788
"194";13894;"ZAMBRANO";41,9084465534466
"195";15001;"TUNJA";47,8568897876087
"196";15022;"ALMEIDA";43,6184615384615
"197";15047;"AQUITANIA";45,0377009507347
"198";15051;"ARCABUCO";45,96
"199";15087;"BELÉN";44,5327189163038
"200";15090;"BERBEO";47,4354945054945
"201";15092;"BETÉITIVA";44,9025044722719
"202";15097;"BOAVITA";45,24819453274
"203";15104;"BOYACÁ";43,4093706293706
"204";15106;"BRICEÑO";44,5323076923077
"205";15109;"BUENAVISTA";44,4266176470588
"206";15131;"CALDAS";45,4955448717949
"207";15135;"CAMPOHERMOSO";48,2830769230769
"208";15162;"CERINZA";45,6612307692308
"209";15172;"CHINAVITA";45,3817948717949
"210";15176;"CHIQUINQUIRÁ";45,4250342327829
"211";15180;"CHISCAS";42,7383668639053
"212";15183;"CHITA";42,8850033444816
"213";15185;"CHITARAQUE";43,5461538461538
"214";15187;"CHIVATÁ";42,9938461538462
"215";15189;"CIÉNEGA";42,6864171864172
"216";15204;"CÓMBITA";46,7275569230769
"217";15212;"COPER";41,8852539912917
"218";15215;"CORRALES";47,01
"219";15218;"COVARACHÍA";43,2242603550296
"220";15223;"CUBARÁ";43,0205950653121
"221";15224;"CUCAITA";45,501141439206
"222";15226;"CUÍTIVA";46,8092307692308
"223";15232;"CHÍQUIZA";41,8261823361823
"224";15236;"CHIVOR";42,2115384615385
"225";15238;"DUITAMA";48,3376487797916
"226";15244;"EL COCUY";44,8007692307692
"227";15248;"EL ESPINO";45,4165967365967
"228";15272;"FIRAVITOBA";46,1488615384615
"229";15276;"FLORESTA";47,5646153846154
"230";15293;"GACHANTIVÁ";42,0753846153846
"231";15296;"GÁMEZA";42,9207435897436
"232";15299;"GARAGOA";45,0081333683382
"233";15317;"GUACAMAYAS";43,2769230769231
"234";15322;"GUATEQUE";44,7998336798337
"235";15325;"GUAYATÁ";45,6369970414201
"236";15332;"GÜICÁN";44,0254843304843
"237";15362;"IZA";45,1930769230769
"238";15367;"JENESANO";45,5592307692308
"239";15368;"JERICÓ";41,8208695652174
"240";15377;"LABRANZAGRANDE";43,6053846153846
"241";15380;"LA CAPILLA";43,0653846153846
"242";15401;"LA VICTORIA";45,2876923076923
"243";15403;"LA UVITA";45,9360291060291
"244";15407;"VILLA DE LEYVA";47,7074587192912
"245";15425;"MACANAL";44,4669230769231
"246";15442;"MARIPÍ";43,7222245322245
"247";15455;"MIRAFLORES";44,8720702116675
"248";15464;"MONGUA";42,6224475524476
"249";15466;"MONGUÍ";45,5943862520458
"250";15469;"MONIQUIRÁ";43,5104733727811
"251";15476;"MOTAVITA";43,2455509355509
"252";15480;"MUZO";43,010796460177
"253";15491;"NOBSA";46,6581037567084
"254";15494;"NUEVO COLÓN";44,4639609644087
"255";15500;"OICATÁ";45,2661538461539
"256";15507;"OTANCHE";42,9194983277592
"257";15511;"PACHAVITA";46,5892307692308
"258";15514;"PÁEZ";45,3709328968903
"259";15516;"PAIPA";49,4785334584115
"260";15518;"PAJARITO";44,0683760683761
"261";15522;"PANQUEBA";42,5959181141439
"262";15531;"PAUNA";43,0574358974359
"263";15533;"PAYA";43,8460355029586
"264";15537;"PAZ DE RÍO";45,1823076923077
"265";15542;"PESCA";43,259652014652
"266";15550;"PISBA";42,4476923076923
"267";15572;"PUERTO BOYACÁ";42,8414067148321
"268";15580;"QUÍPAMA";43,7275452488688
"269";15599;"RAMIRIQUÍ";46,6785336538462
"270";15600;"RÁQUIRA";45,1274911242604
"271";15621;"RONDÓN";43,6740446650124
"272";15632;"SABOYÁ";44,1504877250409
"273";15638;"SÁCHICA";45,2169230769231
"274";15646;"SAMACÁ";44,8126738165681
"275";15660;"SAN EDUARDO";43,7284615384615
"276";15664;"SAN JOSÉ DE PARE";44,1599730094467
"277";15667;"SAN LUIS DE GACENO";43,5307912087912
"278";15673;"SAN MATEO";43,2804175824176
"279";15676;"SAN MIGUEL DE SEMA";45,3338461538462
"280";15681;"SAN PABLO DE BORBUR";41,3285456730769
"281";15686;"SANTANA";44,2255301455301
"282";15690;"SANTA MARÍA";43,4749684741488
"283";15693;"SANTA ROSA DE VITERBO";46,1122175066313
"284";15696;"SANTA SOFÍA";43,1769230769231
"285";15720;"SATIVANORTE";45,2669230769231
"286";15723;"SATIVASUR";45,5553846153846
"287";15740;"SIACHOQUE";45,436788648245
"288";15753;"SOATÁ";45,9587116948093
"289";15755;"SOCOTÁ";43,7067332667333
"290";15757;"SOCHA";44,3757517482518
"291";15759;"SOGAMOSO";48,0083259330373
"292";15761;"SOMONDOCO";44,0379530638853
"293";15762;"SORA";47,3161538461538
"294";15763;"SOTAQUIRÁ";44,4057963163597
"295";15764;"SORACÁ";45,6942928039702
"296";15774;"SUSACÓN";43,5223076923077
"297";15776;"SUTAMARCHÁN";44,8485174825175
"298";15778;"SUTATENZA";41,6043269230769
"299";15790;"TASCO";43,3403473945409
"300";15798;"TENZA";46,3730769230769
"301";15804;"TIBANÁ";45,7019397993311
"302";15806;"TIBASOSA";45,9563640429338
"303";15808;"TINJACÁ";42,030041958042
"304";15810;"TIPACOQUE";44,0353846153846
"305";15814;"TOCA";43,2661401911698
"306";15816;"TOGÜÍ";47,3446153846154
"307";15820;"TÓPAGA";43,1728477905074
"308";15822;"TOTA";44,1492307692308
"309";15832;"TUNUNGUÁ";43,3630769230769
"310";15835;"TURMEQUÉ";46,646023976024
"311";15837;"TUTA";45,1220512820513
"312";15839;"TUTAZÁ";43,6041666666667
"313";15842;"ÚMBITA";44,2890985576923
"314";15861;"VENTAQUEMADA";44,7534703196347
"315";15879;"VIRACACHÁ";44,3392307692308
"316";15897;"ZETAQUIRA";44,3180893300248
"317";17001;"MANIZALES";46,7246095667845
"318";17013;"AGUADAS";43,9735030822836
"319";17042;"ANSERMA";43,4413032923684
"320";17050;"ARANZAZU";42,6219251336898
"321";17088;"BELALCÁZAR";42,5169288606131
"322";17174;"CHINCHINÁ";43,8422574234276
"323";17272;"FILADELFIA";42,7818992511913
"324";17380;"LA DORADA";43,0893928980527
"325";17388;"LA MERCED";43,0782230769231
"326";17433;"MANZANARES";43,1641420118343
"327";17442;"MARMATO";41,0932307692308
"328";17444;"MARQUETALIA";43,9416591251885
"329";17446;"MARULANDA";42,7411923076923
"330";17486;"NEIRA";46,4024601205246
"331";17495;"NORCASIA";42,7338461538462
"332";17513;"PÁCORA";43,5331725985457
"333";17524;"PALESTINA";43,5234581646424
"334";17541;"PENSILVANIA";44,5898051282051
"335";17614;"RIOSUCIO";43,6509748107986
"336";17616;"RISARALDA";44,6022222222222
"337";17653;"SALAMINA";44,5869631410256
"338";17662;"SAMANÁ";43,5950591715976
"339";17665;"SAN JOSÉ";44,0846680716544
"340";17777;"SUPÍA";41,5662935323383
"341";17867;"VICTORIA";41,6096681749623
"342";17873;"VILLAMARÍA";45,7631230538577
"343";17877;"VITERBO";43,710679785331
"344";18001;"FLORENCIA";44,3598490404119
"345";18029;"ALBANIA";43,9026433566434
"346";18094;"BELÉN DE LOS ANDAQUÍES";42,212573964497
"347";18150;"CARTAGENA DEL CHAIRÁ";44,707090729783
"348";18205;"CURILLO";44,7961538461538
"349";18247;"EL DONCELLO";43,0351950315973
"350";18256;"EL PAUJÍL";42,6799196326062
"351";18410;"LA MONTAÑITA";42,2039058355438
"352";18460;"MILÁN";41,7150512820513
"353";18479;"MORELIA";40,320541958042
"354";18592;"PUERTO RICO";42,4952682372978
"355";18610;"SAN JOSÉ DEL FRAGUA";40,5540482398957
"356";18753;"SAN VICENTE DEL CAGUÁN";42,5361951833213
"357";18756;"SOLANO";40,7067521367521
"358";18785;"SOLITA";42,8622948717949
"359";18860;"VALPARAÍSO";42,5526473526473
"360";19001;"POPAYÁN";46,5624869417728
"361";19022;"ALMAGUER";42,2251304945055
"362";19050;"ARGELIA";43,5285174825175
"363";19075;"BALBOA";42,4449150849151
"364";19100;"BOLÍVAR";43,6206679594915
"365";19110;"BUENOS AIRES";39,2301215880893
"366";19130;"CAJIBÍO";42,9985131481937
"367";19137;"CALDONO";41,9737853635726
"368";19142;"CALOTO";40,8266174055829
"369";19212;"CORINTO";42,3471418701059
"370";19256;"EL TAMBO";43,3645384615385
"371";19290;"FLORENCIA";43,0007692307692
"372";19300;"GUACHENÉ";38,1538461538461
"373";19318;"GUAPÍ";39,4523368468267
"374";19355;"INZÁ";42,941373403924
"375";19364;"JAMBALÓ";40,0334376657825
"376";19392;"LA SIERRA";41,447972027972
"377";19397;"LA VEGA";42,4853513153513
"378";19418;"LÓPEZ DE MICAY";37,8587980769231
"379";19450;"MERCADERES";43,8527055702918
"380";19455;"MIRANDA";44,4944675444675
"381";19473;"MORALES";43,2676004084411
"382";19513;"PADILLA";40,9829874776386
"383";19517;"PÁEZ";42,4311287205257
"384";19532;"PATÍA";42,178778280543
"385";19533;"PIAMONTE";41,4646153846154
"386";19548;"PIENDAMÓ";43,9709522971308
"387";19573;"PUERTO TEJADA";41,9116302901251
"388";19585;"PURACÉ";42,2926421404682
"389";19622;"ROSAS";43,123442498096
"390";19693;"SAN SEBASTIÁN";41,9985264133457
"391";19698;"SANTANDER DE QUILICHAO";43,6040346679118
"392";19701;"SANTA ROSA";42,9660512820513
"393";19743;"SILVIA";42,4182562720299
"394";19760;"SOTARA";43,5960805860806
"395";19780;"SUÁREZ";39,7879851116625
"396";19785;"SUCRE";42,7230636604775
"397";19807;"TIMBÍO";44,2895160839161
"398";19809;"TIMBIQUÍ";38,4593385595296
"399";19821;"TORIBÍO";41,2319347319347
"400";19824;"TOTORÓ";41,7655523423945
"401";19845;"VILLA RICA";41,1779310344828
"402";20001;"VALLEDUPAR";44,9152456701666
"403";20011;"AGUACHICA";43,1323262197214
"404";20013;"AGUSTÍN CODAZZI";43,474058755315
"405";20032;"ASTREA";42,2489193245779
"406";20045;"BECERRIL";42,4094312354312
"407";20060;"BOSCONIA";41,1036485177291
"408";20175;"CHIMICHAGUA";41,589475448299
"409";20178;"CHIRIGUANÁ";41,8985037707391
"410";20228;"CURUMANÍ";41,761095684803
"411";20238;"EL COPEY";43,1772527472527
"412";20250;"EL PASO";41,9765004472272
"413";20295;"GAMARRA";41,8161301775148
"414";20310;"GONZÁLEZ";43,9523076923077
"415";20383;"LA GLORIA";41,8937307692308
"416";20400;"LA JAGUA DE IBIRICO";41,9196728334956
"417";20443;"MANAURE BALCÓN DEL CESAR";44,4729873039582
"418";20517;"PAILITAS";42,5157371794872
"419";20550;"PELAYA";42,5955309872314
"420";20570;"PUEBLO BELLO";43,2976287932251
"421";20614;"RÍO DE ORO";44,0793540810335
"422";20621;"LA PAZ";43,0045986622074
"423";20710;"SAN ALBERTO";44,6440692307692
"424";20750;"SAN DIEGO";43,8755736263736
"425";20770;"SAN MARTÍN";44,5376489707476
"426";20787;"TAMALAMEQUE";40,9694663894664
"427";23001;"MONTERÍA";45,80659776347
"428";23068;"AYAPEL";42,035604947816
"429";23079;"BUENAVISTA";41,2320763851533
"430";23090;"CANALETE";42,4946949602122
"431";23162;"CERETÉ";44,3238531526373
"432";23168;"CHIMÁ";41,3529397089397
"433";23182;"CHINÚ";43,7369554493603
"434";23189;"CIÉNAGA DE ORO";42,7156374807988
"435";23300;"COTORRA";42,1075735992403
"436";23350;"LA APARTADA";42,2073973395026
"437";23417;"LORICA";42,1071001993787
"438";23419;"LOS CÓRDOBAS";41,9465177337632
"439";23464;"MOMIL";41,718717948718
"440";23466;"MONTELÍBANO";44,3401373903594
"441";23500;"MOÑITOS";41,4577898550725
"442";23555;"PLANETA RICA";43,4068966938742
"443";23570;"PUEBLO NUEVO";42,4213278106509
"444";23574;"PUERTO ESCONDIDO";41,016820966644
"445";23580;"PUERTO LIBERTADOR";44,2167930660888
"446";23586;"PURÍSIMA DE LA CONCEPCIÓN";40,9532118758435
"447";23660;"SAHAGÚN";44,4355266529271
"448";23670;"SAN ANDRÉS DE SOTAVENTO";40,3211309977152
"449";23672;"SAN ANTERO";40,8395372596154
"450";23675;"SAN BERNARDO DEL VIENTO";42,5011750062235
"451";23678;"SAN CARLOS";42,7571659919028
"452";23686;"SAN PELAYO";42,2551169983862
"453";23807;"TIERRALTA";42,073141928494
"454";23855;"VALENCIA";41,67466574058
"455";25001;"AGUA DE DIOS";43,5941992433796
"456";25019;"ALBÁN";43,5224459809853
"457";25035;"ANAPOIMA";43,0420979020979
"458";25040;"ANOLAIMA";44,650516765286
"459";25053;"ARBELÁEZ";46,6947907239819
"460";25086;"BELTRÁN";41,1035576923077
"461";25095;"BITUIMA";43,6584615384615
"462";25099;"BOJACÁ";44,9538673253352
"463";25120;"CABRERA";41,7868541905855
"464";25123;"CACHIPAY";45,0785463355542
"465";25126;"CAJICÁ";48,1913582009638
"466";25148;"CAPARRAPÍ";43,5031360946746
"467";25151;"CÁQUEZA";44,9092247829991
"468";25154;"CARMEN DE CARUPA";43,0396383957923
"469";25168;"CHAGUANÍ";42
"470";25175;"CHÍA";49,878309817862
"471";25178;"CHIPAQUE";44,0560096153846
"472";25181;"CHOACHÍ";44,9059311740891
"473";25183;"CHOCONTÁ";44,9010410437619
"474";25200;"COGUA";45,1719784615385
"475";25214;"COTA";52,8684697435897
"476";25224;"CUCUNUBÁ";43,5036057692308
"477";25245;"EL COLEGIO";44,6131782588669
"478";25258;"EL PEÑÓN";41,7890180032733
"479";25260;"EL ROSAL";43,7362633637549
"480";25269;"FACATATIVÁ";46,5351324644348
"481";25279;"FÓMEQUE";44,2149238996298
"482";25281;"FOSCA";43,7651566951567
"483";25286;"FUNZA";45,2602299762094
"484";25288;"FÚQUENE";45,8817894736842
"485";25290;"FUSAGASUGÁ";45,4490188068445
"486";25293;"GACHALÁ";43,2087912087912
"487";25295;"GACHANCIPÁ";45,7463600891862
"488";25297;"GACHETÁ";43,8515501757126
"489";25299;"GAMA";45,3023076923077
"490";25307;"GIRARDOT";43,6962692038165
"491";25312;"GRANADA";43,1892307692308
"492";25317;"GUACHETÁ";44,2503846153846
"493";25320;"GUADUAS";44,6029347123465
"494";25322;"GUASCA";44,549556561086
"495";25324;"GUATAQUÍ";40,3670085470085
"496";25326;"GUATAVITA";44,982808988764
"497";25328;"GUAYABAL DE SÍQUIMA";43,3357918552036
"498";25335;"GUAYABETAL";43,4276923076923
"499";25339;"GUTIÉRREZ";41,8471878940731
"500";25368;"JERUSALÉN";40,4769230769231
"501";25372;"JUNÍN";44,21
"502";25377;"LA CALERA";52,7695641646489
"503";25386;"LA MESA";46,2668027503223
"504";25394;"LA PALMA";42,284350132626
"505";25398;"LA PEÑA";40,9992026266417
"506";25402;"LA VEGA";44,3396425151612
"507";25407;"LENGUAZAQUE";44,3554876373626
"508";25426;"MACHETÁ";45,2230942091616
"509";25430;"MADRID";45,3004749360229
"510";25436;"MANTA";44,1723076923077
"511";25438;"MEDINA";42,3334274586173
"512";25473;"MOSQUERA";47,4519020685197
"513";25483;"NARIÑO";40,269205955335
"514";25486;"NEMOCÓN";44,2356436420722
"515";25488;"NILO";44,5470645446508
"516";25489;"NIMAIMA";42,7904437869822
"517";25491;"NOCAIMA";45,0311071171819
"518";25506;"VENECIA";42,5643535188216
"519";25513;"PACHO";43,7810060583807
"520";25518;"PAIME";42,9920315581854
"521";25524;"PANDI";41,7916666666667
"522";25530;"PARATEBUENO";43,5479289940828
"523";25535;"PASCA";45,9494125874126
"524";25572;"PUERTO SALGAR";46,2673698354048
"525";25580;"PULÍ";42,3856923076923
"526";25592;"QUEBRADANEGRA";42,9039560439561
"527";25594;"QUETAME";43,5723351648352
"528";25596;"QUIPILE";43,0753619909502
"529";25599;"APULO";41,6241806020067
"530";25612;"RICAURTE";43,0034298642534
"531";25645;"SAN ANTONIO DEL TEQUENDAMA";44,6667185978578
"532";25649;"SAN BERNARDO";44,6869178794179
"533";25653;"SAN CAYETANO";41,7747793190416
"534";25658;"SAN FRANCISCO";44,3131153846154
"535";25662;"SAN JUAN DE RIOSECO";43,6512170706006
"536";25718;"SASAIMA";44,567682382134
"537";25736;"SESQUILÉ";44,2612804586718
"538";25740;"SIBATÉ";45,2713835592325
"539";25743;"SILVANIA";42,741063034188
"540";25745;"SIMIJACA";44,9534347048301
"541";25754;"SOACHA";44,7713635080986
"542";25758;"SOPÓ";48,0964711253139
"543";25769;"SUBACHOQUE";46,3179688493325
"544";25772;"SUESCA";43,2661639676113
"545";25777;"SUPATÁ";45,1549543676662
"546";25779;"SUSA";43,6176923076923
"547";25781;"SUTATAUSA";44,0908450704225
"548";25785;"TABIO";44,9814197923289
"549";25793;"TAUSA";43,3911248966088
"550";25797;"TENA";42,4515680473373
"551";25799;"TENJO";47,4242721257237
"552";25805;"TIBACUY";43,5085953177257
"553";25807;"TIBIRITA";44,7815384615385
"554";25815;"TOCAIMA";41,825632183908
"555";25817;"TOCANCIPÁ";46,1554185974668
"556";25823;"TOPAIPÍ";41,0124786324786
"557";25839;"UBALÁ";42,7594391025641
"558";25841;"UBAQUE";44,2030769230769
"559";25843;"VILLA DE SAN DIEGO DE UBATÉ";45,5063810451152
"560";25845;"UNE";45,6430769230769
"561";25851;"ÚTICA";42,86
"562";25862;"VERGARA";43,2129102564103
"563";25867;"VIANÍ";44,152798690671
"564";25871;"VILLAGÓMEZ";44,2169230769231
"565";25873;"VILLAPINZÓN";45,4008595988539
"566";25875;"VILLETA";44,76164269335
"567";25878;"VIOTÁ";42,7526570218772
"568";25885;"YACOPÍ";39,8129025641026
"569";25898;"ZIPACÓN";42,5932560590095
"570";25899;"ZIPAQUIRÁ";46,9586026349341
"571";27001;"QUIBDÓ";40,7671125855277
"572";27006;"ACANDÍ";41,6876923076923
"573";27025;"ALTO BAUDÓ";37,5055538461538
"574";27050;"ATRATO";38,9234525939177
"575";27073;"BAGADÓ";43,0486904761905
"576";27075;"BAHÍA SOLANO";40,8770512820513
"577";27077;"BAJO BAUDÓ";39,6119800569801
"578";27099;"BOJAYÁ";38,7758974358974
"579";27135;"EL CANTÓN DEL SAN PABLO";39,9250620347395
"580";27150;"CARMEN DEL DARIÉN";39,8815384615385
"581";27160;"CÉRTEGUI";39,1230769230769
"582";27205;"CONDOTO";40,9786075498575
"583";27245;"EL CARMEN DE ATRATO";44,9150549450549
"584";27250;"EL LITORAL DEL SAN JUAN";39,2434757834758
"585";27361;"ISTMINA";40,5544748921964
"586";27372;"JURADÓ";40,1384615384615
"587";27413;"LLORÓ";38,3038461538462
"588";27425;"MEDIO ATRATO";38,2830769230769
"589";27430;"MEDIO BAUDÓ";38,8469450549451
"590";27450;"MEDIO SAN JUAN";38,0285411140584
"591";27491;"NÓVITA";40,8953846153846
"592";27495;"NUQUÍ";41,1384615384615
"593";27580;"RÍO IRÓ";38,2938056680162
"594";27600;"RÍO QUITO";37,5898992673993
"595";27615;"RIOSUCIO";39,0058351648352
"596";27660;"SAN JOSÉ DEL PALMAR";42,1485856079405
"597";27745;"SIPÍ";37,7061538461539
"598";27787;"TADÓ";39,9675646345356
"599";27800;"UNGUÍA";40,0676833631485
"600";27810;"UNIÓN PANAMERICANA";40,0592307692308
"601";41001;"NEIVA";46,5550420499118
"602";41006;"ACEVEDO";43,0297426035503
"603";41013;"AGRADO";42,040356043956
"604";41016;"AIPE";41,9004694124773
"605";41020;"ALGECIRAS";43,7190191467921
"606";41026;"ALTAMIRA";46,7046153846154
"607";41078;"BARAYA";42,6681342062193
"608";41132;"CAMPOALEGRE";43,5329305011343
"609";41206;"COLOMBIA";42,995893970894
"610";41244;"ELÍAS";45,7853846153846
"611";41298;"GARZÓN";45,0375814578435
"612";41306;"GIGANTE";43,4840633718613
"613";41319;"GUADALUPE";42,6033188195452
"614";41349;"HOBO";42,8723393045311
"615";41357;"ÍQUIRA";44,6884959816303
"616";41359;"ISNOS";42,6022508741259
"617";41378;"LA ARGENTINA";43,0665150093809
"618";41396;"LA PLATA";43,9846690790242
"619";41483;"NÁTAGA";42,9429032258065
"620";41503;"OPORAPA";43,7269764957265
"621";41518;"PAICOL";46,0238461538462
"622";41524;"PALERMO";44,7855631399317
"623";41530;"PALESTINA";41,3813160333642
"624";41548;"PITAL";43,2757183257919
"625";41551;"PITALITO";45,1904038920507
"626";41615;"RIVERA";44,0398531468531
"627";41660;"SALADOBLANCO";43,6603981106613
"628";41668;"SAN AGUSTÍN";43,9891449175824
"629";41676;"SANTA MARÍA";43,8561043956044
"630";41770;"SUAZA";43,6726830398517
"631";41791;"TARQUI";43,5982636450686
"632";41797;"TESALIA";44,6528166570272
"633";41799;"TELLO";43,0549278846154
"634";41801;"TERUEL";46,04
"635";41807;"TIMANÁ";43,2525297619048
"636";41872;"VILLAVIEJA";42,2625506072875
"637";41885;"YAGUARÁ";43,8473177257525
"638";44001;"RIOHACHA";42,8596140074759
"639";44035;"ALBANIA";44,2178321678322
"640";44078;"BARRANCAS";42,0601343836886
"641";44090;"DIBULLA";40,7404114490161
"642";44098;"DISTRACCIÓN";40,4121893491124
"643";44110;"EL MOLINO";42,2043143812709
"644";44279;"FONSECA";42,4897336705847
"645";44378;"HATONUEVO";41,1438636363636
"646";44420;"LA JAGUA DEL PILAR";43,4338461538462
"647";44430;"MAICAO";42,1763941332501
"648";44560;"MANAURE";41,1016542597188
"649";44650;"SAN JUAN DEL CESAR";44,2784138342278
"650";44847;"URIBIA";40,5366524680531
"651";44855;"URUMITA";42,5409241837299
"652";44874;"VILLANUEVA";44,2209844887623
"653";47001;"SANTA MARTA";43,1823407582088
"654";47030;"ALGARROBO";39,6893477282951
"655";47053;"ARACATACA";39,9896936114733
"656";47058;"ARIGUANÍ";40,7585136543673
"657";47161;"CERRO DE SAN ANTONIO";39,9315384615385
"658";47170;"CHIVOLO";40,2294846153846
"659";47189;"CIÉNAGA";41,1630373214928
"660";47205;"CONCORDIA";38,9490975504942
"661";47245;"EL BANCO";41,7504486325924
"662";47258;"EL PIÑÓN";39,6724615384615
"663";47268;"EL RETÉN";39,5706771860618
"664";47288;"FUNDACIÓN";41,838795620438
"665";47318;"GUAMAL";41,0207850098619
"666";47460;"NUEVA GRANADA";40,280067624683
"667";47541;"PEDRAZA";39,956904315197
"668";47545;"PIJIÑO DEL CARMEN";40,2723381568926
"669";47551;"PIVIJAY";42,7053500247076
"670";47555;"PLATO";41,1540098482832
"671";47570;"PUEBLOVIEJO";38,7390223720503
"672";47605;"REMOLINO";39,1007692307692
"673";47660;"SABANAS DE SAN ÁNGEL";39,6479833679834
"674";47675;"SALAMINA";40,6698951048951
"675";47692;"SAN SEBASTIÁN DE BUENAVISTA";41,3035680473373
"676";47703;"SAN ZENÓN";40,1065782493369
"677";47707;"SANTA ANA";41,1296305668016
"678";47720;"SANTA BÁRBARA DE PINTO";38,0260256410256
"679";47745;"SITIONUEVO";42,7620537714713
"680";47798;"TENERIFE";40,6258553386912
"681";47960;"ZAPAYÁN";40,2988507877664
"682";47980;"ZONA BANANERA";39,7333898497952
"683";50001;"VILLAVICENCIO";45,430314962513
"684";50006;"ACACÍAS";45,647757435415
"685";50110;"BARRANCA DE UPÍA";42,0861538461538
"686";50124;"CABUYARO";41,9530769230769
"687";50150;"CASTILLA LA NUEVA";42,4721686223381
"688";50223;"SAN LUIS DE CUBARRAL";44,9737123745819
"689";50226;"CUMARAL";44,7989774024195
"690";50245;"EL CALVARIO";44,93150997151
"691";50251;"EL CASTILLO";44,0566362451108
"692";50270;"EL DORADO";43,6784615384615
"693";50287;"FUENTE DE ORO";41,9531848852901
"694";50313;"GRANADA";44,0257502067825
"695";50318;"GUAMAL";44,7548
"696";50325;"MAPIRIPÁN";41,45
"697";50330;"MESETAS";41,4580106100796
"698";50350;"LA MACARENA";43,2245263157895
"699";50370;"URIBE";44,225016722408
"700";50400;"LEJANÍAS";43,2609752747253
"701";50450;"PUERTO CONCORDIA";40,9605071851226
"702";50568;"PUERTO GAITÁN";43,0178724202627
"703";50573;"PUERTO LÓPEZ";42,969220202874
"704";50577;"PUERTO LLERAS";40,9830455259027
"705";50590;"PUERTO RICO";42,1336223776224
"706";50606;"RESTREPO";45,8286409350367
"707";50680;"SAN CARLOS DE GUAROA";42,7365254969749
"708";50683;"SAN JUAN DE ARAMA";42,3821538461538
"709";50686;"SAN JUANITO";44,9592307692308
"710";50689;"SAN MARTÍN";45,0075417548812
"711";50711;"VISTAHERMOSA";41,7776687116564
"712";52001;"PASTO";47,8783211787247
"713";52019;"ALBÁN";44,6349565217391
"714";52022;"ALDANA";46,7271428571429
"715";52036;"ANCUYÁ";47,1306549885758
"716";52051;"ARBOLEDA";42,9376353276353
"717";52079;"BARBACOAS";40,3038492307692
"718";52083;"BELÉN";47,9219949281488
"719";52110;"BUESACO";45,6656123481781
"720";52203;"COLÓN";45,7975406283857
"721";52207;"CONSACÁ";45,1666845557543
"722";52210;"CONTADERO";46,6313736263736
"723";52215;"CÓRDOBA";44,8682692307692
"724";52224;"CUASPÚD";44,2167983367983
"725";52227;"CUMBAL";44,3928133541585
"726";52233;"CUMBITARA";42,1680175109443
"727";52240;"CHACHAGÜÍ";45,3911632270169
"728";52250;"EL CHARCO";40,4250969355847
"729";52254;"EL PEÑOL";44,3394694960212
"730";52256;"EL ROSARIO";45,3953283302064
"731";52258;"EL TABLÓN DE GÓMEZ";44,7878217109993
"732";52260;"EL TAMBO";46,2523426573427
"733";52287;"FUNES";45,6317948717949
"734";52317;"GUACHUCAL";46,9453475935829
"735";52320;"GUAITARILLA";47,9124013806706
"736";52323;"GUALMATÁN";46,1765384615385
"737";52352;"ILES";44,095187539733
"738";52354;"IMUÉS";45,4965260545906
"739";52356;"IPIALES";47,4700822976151
"740";52378;"LA CRUZ";44,9570126660488
"741";52381;"LA FLORIDA";46,3824933687003
"742";52385;"LA LLANADA";43,9196304675717
"743";52390;"LA TOLA";38,7561538461538
"744";52399;"LA UNIÓN";44,787922051282
"745";52405;"LEIVA";41,3645634095634
"746";52411;"LINARES";45,4716336241079
"747";52418;"LOS ANDES";45,0730512820513
"748";52427;"MAGÜÍ";40,3484615384615
"749";52435;"MALLAMA";44,7108630393996
"750";52473;"MOSQUERA";40,9876923076923
"751";52480;"NARIÑO";43,9084615384615
"752";52490;"OLAYA HERRERA";41,3034220907298
"753";52506;"OSPINA";44,3781118881119
"754";52520;"FRANCISCO PIZARRO";39,514188034188
"755";52540;"POLICARPA";45,4286585365854
"756";52560;"POTOSÍ";45,7077692307692
"757";52565;"PROVIDENCIA";42,9984615384615
"758";52573;"PUERRES";46,018869165023
"759";52585;"PUPIALES";47,7635032967033
"760";52612;"RICAURTE";42,97643017177
"761";52621;"ROBERTO PAYÁN";39,1759090909091
"762";52678;"SAMANIEGO";45,8304086538461
"763";52683;"SANDONÁ";45,7184258241758
"764";52685;"SAN BERNARDO";47,1006818181818
"765";52687;"SAN LORENZO";44,9107441471572
"766";52693;"SAN PABLO";46,4374538911381
"767";52694;"SAN PEDRO DE CARTAGO";43,8361538461538
"768";52696;"SANTA BÁRBARA";41,2523076923077
"769";52699;"SANTACRUZ";46,1554751131222
"770";52720;"SAPUYES";45,9459061277705
"771";52786;"TAMINANGO";44,2916947115385
"772";52788;"TANGUA";45,7484961884962
"773";52835;"SAN ANDRÉS DE TUMACO";40,2420532878682
"774";52838;"TÚQUERRES";46,7154022582922
"775";52885;"YACUANQUER";44,7573889490791
"776";54001;"CÚCUTA";45,077655746987
"777";54003;"ÁBREGO";44,4336588628762
"778";54051;"ARBOLEDAS";42,6526236263736
"779";54099;"BOCHALEMA";46,1273596673597
"780";54109;"BUCARASICA";42,6351452991453
"781";54125;"CÁCOTA";44,9453846153846
"782";54128;"CÁCHIRA";43,9410434120335
"783";54172;"CHINÁCOTA";45,909429168117
"784";54174;"CHITAGÁ";47,7846153846154
"785";54206;"CONVENCIÓN";43,4177644230769
"786";54223;"CUCUTILLA";43,5091010194625
"787";54239;"DURANIA";43,4023076923077
"788";54245;"EL CARMEN";42,8840934065934
"789";54250;"EL TARRA";41,0969230769231
"790";54261;"EL ZULIA";42,1663276258625
"791";54313;"GRAMALOTE";43,5664387464387
"792";54344;"HACARÍ";42,8553846153846
"793";54347;"HERRÁN";46,4469230769231
"794";54377;"LABATECA";45,8253846153846
"795";54385;"LA ESPERANZA";44,2626153846154
"796";54398;"LA PLAYA";42,1344353518822
"797";54405;"LOS PATIOS";44,9916542711432
"798";54418;"LOURDES";43,0446153846154
"799";54480;"MUTISCUA";47,4515384615385
"800";54498;"OCAÑA";46,3636277673546
"801";54518;"PAMPLONA";48,0200277744234
"802";54520;"PAMPLONITA";45,6777948717949
"803";54553;"PUERTO SANTANDER";42,5276923076923
"804";54599;"RAGONVALIA";44,1838461538462
"805";54660;"SALAZAR";43,2604996034893
"806";54670;"SAN CALIXTO";41,3661538461538
"807";54673;"SAN CAYETANO";41,7556068376068
"808";54680;"SANTIAGO";41,8976923076923
"809";54720;"SARDINATA";42,2137237762238
"810";54743;"SILOS";46,6253021978022
"811";54800;"TEORAMA";40,9098089829633
"812";54810;"TIBÚ";42,6701616031028
"813";54820;"TOLEDO";44,3971681749623
"814";54871;"VILLA CARO";43,0282051282051
"815";54874;"VILLA DEL ROSARIO";44,0360685600729
"816";63001;"ARMENIA";46,0974372602847
"817";63111;"BUENAVISTA";42,5592867132867
"818";63130;"CALARCÁ";44,479052581338
"819";63190;"CIRCASIA";44,5399755022048
"820";63212;"CÓRDOBA";43,2675
"821";63272;"FILANDIA";44,5467605633803
"822";63302;"GÉNOVA";43,9203555878084
"823";63401;"LA TEBAIDA";44,0543486937591
"824";63470;"MONTENEGRO";43,338257918552
"825";63548;"PIJAO";42,5883355063016
"826";63594;"QUIMBAYA";43,9411849351572
"827";63690;"SALENTO";51,5993970893971
"828";66001;"PEREIRA";45,6112306496922
"829";66045;"APÍA";42,0036609377607
"830";66075;"BALBOA";41,1931741821397
"831";66088;"BELÉN DE UMBRÍA";42,8848104008667
"832";66170;"DOSQUEBRADAS";46,7272147283996
"833";66318;"GUÁTICA";42,6211268191268
"834";66383;"LA CELIA";42,5463461538462
"835";66400;"LA VIRGINIA";44,9738629676335
"836";66440;"MARSELLA";43,9703015734266
"837";66456;"MISTRATÓ";42,5005700549451
"838";66572;"PUEBLO RICO";39,0930005455537
"839";66594;"QUINCHÍA";44,0237526959022
"840";66682;"SANTA ROSA DE CABAL";45,4907369929256
"841";66687;"SANTUARIO";46,3349723076923
"842";68001;"BUCARAMANGA";48,2453996741992
"843";68013;"AGUADA";46,48
"844";68020;"ALBANIA";43,9426556776557
"845";68051;"ARATOCA";43,320446985447
"846";68077;"BARBOSA";44,442711645896
"847";68079;"BARICHARA";46,9169507969508
"848";68081;"BARRANCABERMEJA";45,5192179532626
"849";68092;"BETULIA";44,4009686609687
"850";68101;"BOLÍVAR";43,7942928039702
"851";68121;"CABRERA";43,8909925558313
"852";68132;"CALIFORNIA";43,0947076923077
"853";68147;"CAPITANEJO";42,8097345132743
"854";68152;"CARCASÍ";42,6834042553191
"855";68160;"CEPITÁ";42,1435198135198
"856";68162;"CERRITO";44,6262678062678
"857";68167;"CHARALÁ";48,182290444981
"858";68169;"CHARTA";46,7338461538461
"859";68176;"CHIMA";43,3244230769231
"860";68179;"CHIPATÁ";45,2116153846154
"861";68190;"CIMITARRA";41,9303484549638
"862";68207;"CONCEPCIÓN";43,8589038461539
"863";68209;"CONFINES";40,2940854700855
"864";68211;"CONTRATACIÓN";45,3997435897436
"865";68217;"COROMORO";42,0542840236686
"866";68229;"CURITÍ";43,0554140395124
"867";68235;"EL CARMEN DE CHUCURÍ";42,0195051102743
"868";68245;"EL GUACAMAYO";44,7970629370629
"869";68250;"EL PEÑÓN";43,2828571428571
"870";68255;"EL PLAYÓN";42,9650054171181
"871";68264;"ENCINO";42,0706293706294
"872";68266;"ENCISO";47,0916059379217
"873";68271;"FLORIÁN";43,2289920424403
"874";68276;"FLORIDABLANCA";48,3714336
"875";68296;"GALÁN";42,3782051282051
"876";68298;"GÁMBITA";41,8523076923077
"877";68307;"GIRÓN";45,2762082121227
"878";68318;"GUACA";42,0604362801378
"879";68320;"GUADALUPE";47,0052618657938
"880";68322;"GUAPOTÁ";44,190989010989
"881";68324;"GUAVATÁ";39,0498499061914
"882";68327;"GÜEPSA";44,2161538461539
"883";68344;"HATO";42,0122701688555
"884";68368;"JESÚS MARÍA";43,6907692307692
"885";68370;"JORDÁN";36,3846153846154
"886";68377;"LA BELLEZA";43,9945392231531
"887";68385;"LANDÁZURI";42,6605806451613
"888";68397;"LA PAZ";46,3449607535322
"889";68406;"LEBRIJA";45,3032926249009
"890";68418;"LOS SANTOS";43,1998985629755
"891";68425;"MACARAVITA";43,1448837209302
"892";68432;"MÁLAGA";46,8876231633535
"893";68444;"MATANZA";41,5788726790451
"894";68464;"MOGOTES";44,0957371794872
"895";68468;"MOLAGAVITA";42,5279807692308
"896";68498;"OCAMONTE";43,869185520362
"897";68500;"OIBA";45,4103760683761
"898";68502;"ONZAGA";41,6837205651491
"899";68522;"PALMAR";42,6123076923077
"900";68524;"PALMAS DEL SOCORRO";44,2985897435897
"901";68533;"PÁRAMO";47,39
"902";68547;"PIEDECUESTA";45,5335408316197
"903";68549;"PINCHOTE";45,4416524216524
"904";68572;"PUENTE NACIONAL";45,525550397878
"905";68573;"PUERTO PARRA";41,0098717948718
"906";68575;"PUERTO WILCHES";40,915893025893
"907";68615;"RIONEGRO";43,3426348364279
"908";68655;"SABANA DE TORRES";44,1896678321678
"909";68669;"SAN ANDRÉS";42,6981420765027
"910";68673;"SAN BENITO";41,4253375196232
"911";68679;"SAN GIL";46,2148360952312
"912";68682;"SAN JOAQUÍN";44,3527851458886
"913";68684;"SAN JOSÉ DE MIRANDA";48,6973755656109
"914";68686;"SAN MIGUEL";44,5744117647059
"915";68689;"SAN VICENTE DE CHUCURÍ";44,0005381313965
"916";68705;"SANTA BÁRBARA";43,2698662207358
"917";68720;"SANTA HELENA DEL OPÓN";42,7268734491315
"918";68745;"SIMACOTA";44,4840769230769
"919";68755;"SOCORRO";45,7850093482906
"920";68770;"SUAITA";44,1383188996434
"921";68773;"SUCRE";44,4557918552036
"922";68780;"SURATÁ";46,9112655086849
"923";68820;"TONA";42,9704519230769
"924";68855;"VALLE DE SAN JOSÉ";44,4421245421245
"925";68861;"VÉLEZ";45,5393072145246
"926";68867;"VETAS";43,2834615384615
"927";68872;"VILLANUEVA";45,2875410913873
"928";68895;"ZAPATOCA";44,8346153846154
"929";70001;"SINCELEJO";45,4573061576827
"930";70110;"BUENAVISTA";43,697995951417
"931";70124;"CAIMITO";40,2610375670841
"932";70204;"COLOSO";41,1332673992674
"933";70215;"COROZAL";44,8513907692308
"934";70221;"COVEÑAS";40,0021589588659
"935";70230;"CHALÁN";41,2192307692308
"936";70233;"EL ROBLE";41,6002358974359
"937";70235;"GALERAS";44,7848132664437
"938";70265;"GUARANDA";41,9146088099934
"939";70400;"LA UNIÓN";44,3011217948718
"940";70418;"LOS PALMITOS";41,0067843232717
"941";70429;"MAJAGUAL";40,6177734735289
"942";70473;"MORROA";43,6444807692308
"943";70508;"OVEJAS";40,9592527472527
"944";70523;"PALMITO";40,4906288601909
"945";70670;"SAMPUÉS";41,7168695925751
"946";70678;"SAN BENITO ABAD";40,8946438746439
"947";70702;"SAN JUAN DE BETULIA";41,6410856864654
"948";70708;"SAN MARCOS";43,1453158868623
"949";70713;"SAN ONOFRE";40,9499584947427
"950";70717;"SAN PEDRO";44,2297621254248
"951";70742;"SAN LUIS DE SINCÉ";43,5736813186813
"952";70771;"SUCRE";40,3037083333333
"953";70820;"SANTIAGO DE TOLÚ";45,4382972898987
"954";70823;"TOLÚ VIEJO";41,8045721997301
"955";73001;"IBAGUÉ";45,9020822018125
"956";73024;"ALPUJARRA";45,0073578595318
"957";73026;"ALVARADO";42,2236752136752
"958";73030;"AMBALEMA";41,0769551282051
"959";73043;"ANZOÁTEGUI";44,26525
"960";73055;"ARMERO GUAYABAL";42,0752662721894
"961";73067;"ATACO";42,4428986245543
"962";73124;"CAJAMARCA";43,6902171215881
"963";73148;"CARMEN DE APICALÁ";43,0664923076923
"964";73152;"CASABIANCA";43,4664408725603
"965";73168;"CHAPARRAL";42,1847317031754
"966";73200;"COELLO";41,6992979835698
"967";73217;"COYAIMA";39,8195822720326
"968";73226;"CUNDAY";41,8708676923077
"969";73236;"DOLORES";43,9561612426036
"970";73268;"ESPINAL";43,4690461832622
"971";73270;"FALAN";45,4061052631579
"972";73275;"FLANDES";41,2489760914761
"973";73283;"FRESNO";43,4446312217195
"974";73319;"GUAMO";41,4351884700665
"975";73347;"HERVEO";43,837133825079
"976";73349;"HONDA";43,4496681749623
"977";73352;"ICONONZO";43,4054036087369
"978";73408;"LÉRIDA";42,0236947304664
"979";73411;"LÍBANO";45,4125519189234
"980";73443;"SAN SEBASTIÁN DE MARIQUITA";44,6086364310064
"981";73449;"MELGAR";44,4410321514423
"982";73461;"MURILLO";43,0927243589744
"983";73483;"NATAGAIMA";41,4771419098143
"984";73504;"ORTEGA";42,0701823517082
"985";73520;"PALOCABILDO";43,0202197802198
"986";73547;"PIEDRAS";44,3132867132867
"987";73555;"PLANADAS";41,3146108597285
"988";73563;"PRADO";43,2898617788462
"989";73585;"PURIFICACIÓN";41,7420145530145
"990";73616;"RIOBLANCO";43,3483811710677
"991";73622;"RONCESVALLES";42,6921245421245
"992";73624;"ROVIRA";43,6508484648399
"993";73671;"SALDAÑA";42,1532391102873
"994";73675;"SAN ANTONIO";43,2622168382798
"995";73678;"SAN LUIS";43,9360361496427
"996";73686;"SANTA ISABEL";44,5113752913753
"997";73770;"SUÁREZ";43,04
"998";73854;"VALLE DE SAN JUAN";42,6876322115385
"999";73861;"VENADILLO";45,0922451532208
"1000";73870;"VILLAHERMOSA";43,5410037523452
"1001";73873;"VILLARRICA";43,1498524762908
"1002";76001;"CALI";46,0595997136447
"1003";76020;"ALCALÁ";41,6429038461538
"1004";76036;"ANDALUCÍA";43,939128959276
"1005";76041;"ANSERMANUEVO";43,0093947963801
"1006";76054;"ARGELIA";42,5785145888594
"1007";76100;"BOLÍVAR";43,7618472004186
"1008";76109;"BUENAVENTURA";41,7070698749067
"1009";76111;"GUADALAJARA DE BUGA";45,9010142412332
"1010";76113;"BUGALAGRANDE";42,6159850581074
"1011";76122;"CAICEDONIA";43,1297765363129
"1012";76126;"CALIMA";44,2662237762238
"1013";76130;"CANDELARIA";44,1520578213733
"1014";76147;"CARTAGO";44,0747254729636
"1015";76233;"DAGUA";42,9013751721424
"1016";76243;"EL ÁGUILA";42,444933855953
"1017";76246;"EL CAIRO";43,4081538461538
"1018";76248;"EL CERRITO";42,5368559970835
"1019";76250;"EL DOVIO";47,4624339839265
"1020";76275;"FLORIDA";43,1996416083916
"1021";76306;"GINEBRA";46,0298294465715
"1022";76318;"GUACARÍ";42,6044461538462
"1023";76364;"JAMUNDÍ";44,0485011895321
"1024";76377;"LA CUMBRE";44,9646103238866
"1025";76400;"LA UNIÓN";43,2697423716426
"1026";76403;"LA VICTORIA";43,1702449505801
"1027";76497;"OBANDO";41,4269690011481
"1028";76520;"PALMIRA";46,8596835876674
"1029";76563;"PRADERA";43,9266832245245
"1030";76606;"RESTREPO";44,5653059033989
"1031";76616;"RIOFRÍO";43,0198981900452
"1032";76622;"ROLDANILLO";45,8680201048951
"1033";76670;"SAN PEDRO";42,8306232453678
"1034";76736;"SEVILLA";44,701435669008
"1035";76823;"TORO";42,3753500432152
"1036";76828;"TRUJILLO";43,3029909502262
"1037";76834;"TULUÁ";44,8410491909006
"1038";76845;"ULLOA";44,362079002079
"1039";76863;"VERSALLES";43,3040900562852
"1040";76869;"VIJES";43,7144069015097
"1041";76890;"YOTOCO";43,2385618729097
"1042";76892;"YUMBO";44,2265529207635
"1043";76895;"ZARZAL";41,8499908786865
"1044";81001;"ARAUCA";43,697664678179
"1045";81065;"ARAUQUITA";43,9815811965812
"1046";81220;"CRAVO NORTE";43,2346153846154
"1047";81300;"FORTUL";44,3728271213323
"1048";81591;"PUERTO RONDÓN";43,9338461538462
"1049";81736;"SARAVENA";44,7948017034868
"1050";81794;"TAME";43,8320954045954
"1051";85001;"YOPAL";44,8616755652231
"1052";85010;"AGUAZUL";44,3234220532319
"1053";85015;"CHÁMEZA";41,0987179487179
"1054";85125;"HATO COROZAL";42,5395417348609
"1055";85136;"LA SALINA";44,96
"1056";85139;"MANÍ";42,7604017094017
"1057";85162;"MONTERREY";44,8377764423077
"1058";85225;"NUNCHÍA";42,6563095238095
"1059";85230;"OROCUÉ";43,4704097771387
"1060";85250;"PAZ DE ARIPORO";43,6961447320452
"1061";85263;"PORE";43,7170094191523
"1062";85279;"RECETOR";42,4038461538462
"1063";85300;"SABANALARGA";42,1495904095904
"1064";85315;"SÁCAMA";45,9030769230769
"1065";85325;"SAN LUIS DE PALENQUE";46,7144481605351
"1066";85400;"TÁMARA";42,4814409534128
"1067";85410;"TAURAMENA";44,7595681925437
"1068";85430;"TRINIDAD";42,29442002442
"1069";85440;"VILLANUEVA";43,4278346935232
"1070";86001;"MOCOA";45,6138986760039
"1071";86219;"COLÓN";46,5883673469388
"1072";86320;"ORITO";43,7103633387889
"1073";86568;"PUERTO ASÍS";43,2918126022913
"1074";86569;"PUERTO CAICEDO";42,081459721381
"1075";86571;"PUERTO GUZMÁN";42,8023164335664
"1076";86573;"PUERTO LEGUÍZAMO";43,837027027027
"1077";86749;"SIBUNDOY";46,7065397478775
"1078";86755;"SAN FRANCISCO";44,5982840236686
"1079";86757;"SAN MIGUEL";42,8384289044289
"1080";86760;"SANTIAGO";42,600451366815
"1081";86865;"VALLE DEL GUAMUEZ";44,0355526315789
"1082";86885;"VILLAGARZÓN";44,6083053193593
"1083";88001;"SAN ANDRÉS";44,3768159304559
"1084";88564;"PROVIDENCIA";43,45
"1085";91001;"LETICIA";42,273188034188
"1086";91405;"LA CHORRERA";39,38
"1087";91407;"LA PEDRERA";40,1292307692308
"1088";91540;"PUERTO NARIÑO";39,3518714121699
"1089";91669;"PUERTO SANTANDER";41,2461538461538
"1090";91798;"TARAPACÁ";40,5046153846154
"1091";94001;"INÍRIDA";44,9813193202147
"1092";95001;"SAN JOSÉ DEL GUAVIARE";43,5200868828142
"1093";95015;"CALAMAR";42,7795500725689
"1094";95025;"EL RETORNO";41,3664809206542
"1095";95200;"MIRAFLORES";44,1066666666667
"1096";97001;"MITÚ";41,7093782929399
"1097";97161;"CARURÚ";42,0730769230769
"1098";97666;"TARAIRA";43,1307692307692
"1099";97889;"YAVARATÉ";39,5015384615385
"1100";99001;"PUERTO CARREÑO";42,3306739278421
"1101";99524;"LA PRIMAVERA";44,108
"1102";99624;"SANTA ROSALÍA";45,0553846153846
"1103";99773;"CUMARIBO";41,5284149184149
